{"chunk_definitions":[{"chunk_id":"c70tzoi7g8tc5","expansion_state":0,"options":[],"row":9,"row_count":1,"visible":true},{"chunk_id":"ctemx4jc7ls6a","expansion_state":0,"options":[],"row":14,"row_count":1,"visible":true},{"chunk_id":"csdjr48r4bpui","expansion_state":0,"options":[],"row":18,"row_count":1,"visible":true},{"chunk_id":"cxcq5zacjh75x","expansion_state":0,"options":[],"row":25,"row_count":1,"visible":true},{"chunk_id":"cn0fiiut62m6g","expansion_state":0,"options":[],"row":29,"row_count":1,"visible":true},{"chunk_id":"cdbclj0g7hhz7","expansion_state":0,"options":[],"row":37,"row_count":1,"visible":true},{"chunk_id":"ce27of5mm8mgb","expansion_state":0,"options":[],"row":47,"row_count":1,"visible":true},{"chunk_id":"csdn1jn4zmzk0","expansion_state":0,"options":[],"row":52,"row_count":1,"visible":true},{"chunk_id":"c1il7fvh851q0","expansion_state":0,"options":[],"row":57,"row_count":1,"visible":true},{"chunk_id":"cn730m8i8z97z","expansion_state":0,"options":[],"row":61,"row_count":1,"visible":true}],"doc_write_time":1674852607.23309}
